Keyword	Volume	Pozisyon	Trafik	KD	CPC (cent)	URL
dogtas	75000	1	72744	0	4	https://www.dogtas.com/
yatak odası takımı	106000	3	19898	7	8	https://www.dogtas.com/yatak-odasi-takimlari
koltuk takımı	151000	7	10468	54	8	https://www.dogtas.com/koltuk-takimlari
tv ünitesi	68000	4	8339	40	5	https://www.dogtas.com/tv-unitesi-lp
dogtas mobilya	17000	1	8028	0	6	https://www.dogtas.com/
dogtas koltuk takımı	7900	1	6672	0	3	https://www.dogtas.com/koltuk-takimlari
dogtas yatak odası	4100	1	3532	0	3	https://www.dogtas.com/yatak-odasi-takimlari
dokuma kumaş nedir	9400	1	2845	0	7	https://www.dogtas.com/blog-dokuma-kumas-nedir-ozellikleri-nelerdir
dogtas koltuk	3200	1	2801	3	4	https://www.dogtas.com/koltuk-takimlari
l koltuk takımı	27000	5	2752	5	5	https://www.dogtas.com/kose-takimlari
koltuk takımı modelleri	15000	2	2737	55	7	https://www.dogtas.com/koltuk-takimlari
salon takımı	18000	3	2332	55	7	https://www.dogtas.com/koltuk-takimlari
dogtas genç odası	2200	1	2248	0	3	https://www.dogtas.com/genc-odasi-takimlari
l koltuk	57000	10	1930	5	6	https://www.dogtas.com/kose-takimlari
dogtas müşteri hizmetleri	3400	1	1669	0	7	https://www.dogtas.com/online-satis-danismani
retro ne demek	18000	1	1619	0	1	https://www.dogtas.com/blog-retro-ne-demek
dogtas tv ünitesi	2400	1	1446	0	4	https://www.dogtas.com/tv-uniteleri
dogtas yatak odası takımı	2000	1	1371	0	3	https://www.dogtas.com/yatak-odasi-takimlari
düğün paketi mobilya	6700	4	1211	2	8	https://www.dogtas.com/dugun-paketleri
dogtas yemek odası	1600	1	1177	0	4	https://www.dogtas.com/yemek-odasi-takimlari
dogtas mobilya koltuk takımları	1100	1	1170	1	3	https://www.dogtas.com/koltuk-takimlari
televizyon ünitesi modelleri	8000	2	1157	53	5	https://www.dogtas.com/tv-uniteleri
2025 koltuk modelleri	9700	3	1146	51	5	https://www.dogtas.com/koltuk-takimlari
köşe takımı	18000	6	1138	5	6	https://www.dogtas.com/kose-takimlari
televizyon ünitesi	14000	5	1094	48	4	https://www.dogtas.com/tv-unitesi-lp
tv ünitesi dogtas	1400	1	1037	0	3	https://www.dogtas.com/tv-uniteleri
dogtas mutfak masası	1700	1	987	0	3	https://www.dogtas.com/mutfak-masasi-takimi
unite modelleri	5100	2	987	51	4	https://www.dogtas.com/tv-uniteleri
dogtas salon takımı	1400	1	958	9	3	https://www.dogtas.com/koltuk-takimlari
balkon takımı	33000	10	949	1	3	https://www.dogtas.com/bahce-ve-balkon-oturma-takimi
dogtas koltuk takımları	900	1	949	2	3	https://www.dogtas.com/koltuk-takimlari
köşe koltuk takımı	22000	10	945	5	6	https://www.dogtas.com/kose-takimlari
dogtas köşe takımı	2400	1	934	0	4	https://www.dogtas.com/kose-takimlari
mutfak masası	33000	11	915	2	4	https://www.dogtas.com/mutfak-masasi-takimi
konsol modelleri	16000	7	914	1	3	https://www.dogtas.com/konsol
koltuk takımı fiyatları	8200	6	439	52	7	https://www.dogtas.com/koltuk-takimlari
dogtas orta sehpa	1200	1	835	0	3	https://www.dogtas.com/orta-sehpa
dogtas koltuk takımı modelleri ve fiyatları	1100	1	813	17	3	https://www.dogtas.com/koltuk-takimlari
dogtas yatakli koltuk takımları	700	1	812	0	4	https://www.dogtas.com/yatakli-kose-takimlari
yatak odası takımı fiyatları	8200	8	515	6	7	https://www.dogtas.com/yatak-odasi-takimlari
yatak odası modelleri	5700	3	681	7	6	https://www.dogtas.com/yatak-odasi-takimlari
dogtas sehpa	1000	1	802	0	5	https://www.dogtas.com/sehpalar
bar masası	7400	5	792	0	9	https://www.dogtas.com/linthe-bar-masasi-3200426823
tek kişilik yatak ölçüleri	6900	3	771	0	6	https://www.dogtas.com/blog-tek-kisilik-yatak-olculeri-nelerdir
dogtas yemek masası	1000	1	753	0	3	https://www.dogtas.com/yemek-masalari
dogtas gardrop	700	1	702	0	6	https://www.dogtas.com/dolap
dogtas sandalye	800	1	684	0	4	https://www.dogtas.com/sandalyeler
salıncak	14000	5	684	0	2	https://www.dogtas.com/bahce-salincak
dogtas zigon sehpa	1000	1	680	0	4	https://www.dogtas.com/zigon-sehpa
dogtas calisma masası	700	1	678	0	5	https://www.dogtas.com/calisma-masasi
koltuk takımları	11000	7	668	56	7	https://www.dogtas.com/koltuk-takimlari
yemek masası	35000	12	657	0	6	https://www.dogtas.com/yemek-masalari
yatak odası	16000	8	653	5	7	https://www.dogtas.com/yatak-odasi-takimlari
dogtas oturma grubu	700	1	653	0	3	https://www.dogtas.com/oturma-grubu
3 lu koltuk	4500	3	639	0	8	https://www.dogtas.com/uclu-koltuklar
antrasit renk	22000	2	631	0	1	https://www.dogtas.com/blog-antrasit-renk-nedir
dogtas kitaplik	900	1	623	0	5	https://www.dogtas.com/kitaplik
kullanışlı küçük banyo modelleri	6500	4	615	0	7	https://www.dogtas.com/blog-kucuk-banyo-dekorasyonu
dogtas konsol	1100	1	614	0	3	https://www.dogtas.com/konsol
mobilya takımı	4900	3	602	56	6	https://www.dogtas.com/koltuk-takimlari
modern ev dekorasyon örnekleri	1600	1	595	0	9	https://www.dogtas.com/blog-modern-ev-dekorasyonu
konsol	37000	11	594	0	4	https://www.dogtas.com/konsol
saksı çiçekleri	9100	5	564	0	7	https://www.dogtas.com/blog-saksi-cicek-isimleri
dogtas l koltuk	1100	1	563	0	4	https://www.dogtas.com/kose-takimlari
dogtas berjer	900	1	561	0	5	https://www.dogtas.com/berjerler-ve-puflar
chester koltuk takımı	12000	7	554	0	7	https://www.dogtas.com/blog-chester-koltuk-modelleri
bohem	17000	5	553	0	4	https://www.dogtas.com/blog-bohem-tarz-nedir
dogtas yatak	600	1	537	0	6	https://www.dogtas.com/yatak-odasi-takimlari
tv ünitesi modelleri	20000	5	530	52	5	https://www.dogtas.com/tv-uniteleri
dogtas mutfak masa sandalye	700	1	525	0	3	https://www.dogtas.com/mutfak-masasi-takimi
boy aynası	21000	12	516	0	-	https://www.dogtas.com/boy-aynasi
köşe koltuk	15000	11	513	6	7	https://www.dogtas.com/kose-takimlari
polyester kumaş	14000	1	427	0	1	https://www.dogtas.com/blog-polyester-kumas-nedir-avantajlari-kullanim-alanlari-ve-ozellikleri
sukulent	18000	2	383	0	5	https://www.dogtas.com/blog-sukulent-nedir-evde-sukulent-bakimi-puf-noktalari
gri ile uyumlu renkler	5400	3	376	0	1	https://www.dogtas.com/blog-gri-ile-uyumlu-renkler
polyester kumaş nedir	8300	2	373	0	1	https://www.dogtas.com/blog-polyester-kumas-nedir-avantajlari-kullanim-alanlari-ve-ozellikleri
