Domain	DR	Dofollow Link	Toplam Link	Ilk Gorulme
youtube.com	99	1	4	2026-01-23
wikipedia.org	97	0	1	2025-09-22
waze.com	92	0	4	2025-09-05
yandex.com	91	0	48	2025-08-10
openedition.org	87	4	4	2020-06-11
yandex.com.tr	86	0	272	2025-08-06
angelfire.com	86	3	3	2024-06-22
kariyer.net	84	0	1	2025-03-29
milliyet.com.tr	84	0	2	2020-06-30
iyzico.com	82	1	1	2024-11-28
datanyze.com	78	0	1	2025-08-28
eksisozluk.com	77	0	1	2025-08-29
yenisafak.com	76	1	1	2025-02-20
cdn77.org	75	0	2	2025-10-21
contactout.com	74	0	2	2025-08-27
intellectdiscover.com	74	2	2	2022-11-27
place123.net	73	0	1	2025-07-28
siteprice.org	72	0	12	2025-07-09
craft.co	72	1	1	2022-07-11
kingranks.com	71	4	4	2024-07-24
goafricaonline.com	70	0	4	2023-09-22
marketingturkiye.com.tr	68	3	3	2024-01-25
tuyap.com.tr	67	2	2	2025-01-18
aydinlik.com.tr	67	0	2	2024-01-27
seeklogo.com	67	0	1	2018-01-29
sitelike.org	66	0	106	2020-05-29
