Keyword	Volume	Kelebek Poz	Doğtaş Poz	Lova Poz	En İyi Pozisyon	Kategori
yatak odası takımı	106000	12	3	-	Doğtaş	Yatak Odası
koltuk takımı	151000	19	7	-	Doğtaş	Koltuk
tv ünitesi	68000	12	4	-	Doğtaş	TV Ünitesi
l koltuk	57000	15	10	-	Doğtaş	Koltuk
makyaj masası	50000	8	-	-	Kelebek	Aksesuar
yatak	40000	-	-	9	Lovayatak	Yatak
sandalye	42000	12	-	-	Kelebek	Sandalye
lambader	49000	11	-	-	Kelebek	Aydınlatma
puf	38000	8	-	-	Kelebek	Koltuk
konsol	37000	6	11	-	Kelebek	Konsol
orta sehpa	36000	12	-	-	Kelebek	Sehpa
yemek masası	35000	13	12	-	Doğtaş	Masa
mutfak masası	33000	9	11	-	Kelebek	Masa
balkon takımı	33000	9	10	-	Kelebek	Bahçe
çift kişilik yatak	30000	-	-	7	Lovayatak	Yatak
yemek masası takımı	31000	9	-	-	Kelebek	Masa
şömineli tv ünitesi	31000	12	-	-	Kelebek	TV Ünitesi
berjer	28000	-	12	-	Doğtaş	Koltuk
l koltuk takımı	27000	10	5	-	Doğtaş	Koltuk
tek kişilik yatak	26000	-	-	6	Lovayatak	Yatak
zigon sehpa	24000	11	-	-	Kelebek	Sehpa
battaniye	23000	-	-	10	Lovayatak	Ev Tekstili
köşe koltuk takımı	22000	11	10	-	Doğtaş	Koltuk
antrasit renk	22000	-	2	-	Doğtaş	Blog
boy aynası	21000	10	12	-	Kelebek	Aksesuar
çeyiz listesi	21000	-	-	13	Lovayatak	Blog
tv ünitesi modelleri	20000	-	5	-	Doğtaş	TV Ünitesi
masa sandalye takımı	20000	9	-	-	Kelebek	Masa
bohem ne demek	19000	2	-	-	Kelebek	Blog
salon takımı	18000	-	3	-	Doğtaş	Koltuk
köşe takımı	18000	-	6	-	Doğtaş	Koltuk
retro ne demek	18000	-	1	-	Doğtaş	Blog
bohem	17000	1	5	-	Kelebek	Blog
mutfak masası takımı	17000	10	-	-	Kelebek	Masa
mutfak sandalyesi	16000	12	-	-	Kelebek	Sandalye
konsol modelleri	16000	11	7	-	Doğtaş	Konsol
yatak odası	16000	-	8	-	Doğtaş	Yatak Odası
çift kişilik nevresim takımı	15000	-	-	10	Lovayatak	Ev Tekstili
chester koltuk	15000	9	-	-	Kelebek	Koltuk
köşe koltuk	15000	-	11	-	Doğtaş	Koltuk
koltuk takımı modelleri	15000	-	2	-	Doğtaş	Koltuk
yatak örtüsü	15000	-	-	11	Lovayatak	Ev Tekstili
polyester kumaş	14000	-	1	-	Doğtaş	Blog
salıncak	14000	-	5	-	Doğtaş	Bahçe
sandalye modelleri	14000	11	-	-	Kelebek	Sandalye
televizyon ünitesi	14000	-	5	-	Doğtaş	TV Ünitesi
nevresim takımı çift kişilik	14000	-	-	9	Lovayatak	Ev Tekstili
orta sehpa modelleri	13000	10	-	-	Kelebek	Sehpa
yuvarlak masa	12000	8	-	-	Kelebek	Masa
tekli koltuk	12000	8	-	-	Kelebek	Koltuk
chester koltuk takımı	12000	-	7	-	Doğtaş	Koltuk
yatak başlığı	12000	-	-	12	Lovayatak	Yatak
puf koltuk	11000	6	-	-	Kelebek	Koltuk
yemek odası takımı	11000	3	-	-	Kelebek	Yemek Odası
komidin	11000	7	-	-	Kelebek	Yatak Odası
balkon mobilyası	11000	10	-	-	Kelebek	Bahçe
koltuk takımları	11000	-	7	-	Doğtaş	Koltuk
2025 koltuk modelleri	9700	4	3	-	Doğtaş	Koltuk
mobilya markalari	9700	7	-	-	Kelebek	Genel
mutfak masa takımı	9700	8	10	-	Kelebek	Masa
dokuma kumaş nedir	9400	-	1	-	Doğtaş	Blog
bebek odası takımı	9400	11	-	-	Kelebek	Çocuk Odası
saksı çiçekleri	9100	-	5	-	Doğtaş	Blog
çift kişilik yatak ölçüleri	8900	-	-	10	Lovayatak	Blog
açılır kapanır masa	8300	6	8	-	Kelebek	Masa
polyester kumaş nedir	8300	-	2	-	Doğtaş	Blog
yatak odası takımı fiyatları	8200	5	8	-	Kelebek	Yatak Odası
koltuk takımı fiyatları	8200	-	6	-	Doğtaş	Koltuk
yeni trend salon dekorasyonu	8100	5	7	-	Kelebek	Blog
televizyon ünitesi modelleri	8000	-	2	-	Doğtaş	TV Ünitesi
tv ünitesi panel	7800	7	-	-	Kelebek	TV Ünitesi
bar masası	7400	9	5	-	Doğtaş	Masa
ikili koltuk	7100	12	11	-	Doğtaş	Koltuk
tek kişilik yatak ölçüleri	6900	-	3	-	Doğtaş	Blog
çift kişilik baza başlık yatak	6800	-	-	8	Lovayatak	Yatak
spor köşe takımı modelleri	6800	-	6	-	Doğtaş	Koltuk
düğün paketi mobilya	6700	-	4	-	Doğtaş	Paket
l koltuk modelleri	6600	7	6	-	Doğtaş	Koltuk
masa takımı	6600	6	-	-	Kelebek	Masa
yemek masası sandalyesi	6500	6	7	-	Kelebek	Sandalye
kullanışlı küçük banyo modelleri	6500	-	4	-	Doğtaş	Blog
şifonyer modelleri	6500	12	-	-	Kelebek	Yatak Odası
uyku seti	6400	-	-	6	Lovayatak	Yatak
lateks yatak	5900	-	-	7	Lovayatak	Yatak
yan sehpa	5900	5	-	-	Kelebek	Sehpa
mavi ışık	5900	-	-	5	Lovayatak	Blog
gri ile uyumlu renkler	5400	-	3	-	Doğtaş	Blog
kahverengi ile uyumlu renkler	5200	1	-	-	Kelebek	Blog
salon koltuk takımı	5200	3	4	-	Kelebek	Koltuk
yatak örtüsü çift kişilik	5300	-	-	6	Lovayatak	Ev Tekstili
unite modelleri	5100	-	2	-	Doğtaş	TV Ünitesi
yuvarlak yemek masası	4900	-	5	-	Doğtaş	Masa
mobilya takımı	4900	-	3	-	Doğtaş	Koltuk
baza başlık yatak	4900	-	-	11	Lovayatak	Yatak
3 lu koltuk	4500	-	3	-	Doğtaş	Koltuk
giyinme odası dolabı	4600	4	-	-	Kelebek	Dolap
giyinme odası	8200	3	-	-	Kelebek	Dolap
çift kişilik yatak fiyatları	4400	-	-	6	Lovayatak	Yatak
huzursuz bacak sendromundan kurtuldum	4400	-	-	3	Lovayatak	Blog
bahçe salıncağı	4100	9	-	-	Kelebek	Bahçe
uyku nasıl açılır	3900	-	-	6	Lovayatak	Blog
6 kapaklı gardırop	3900	6	-	-	Kelebek	Dolap
bohem tarz	3600	1	-	-	Kelebek	Blog
yatak alezi	3600	-	-	6	Lovayatak	Ev Tekstili
alez nedir	3600	-	-	3	Lovayatak	Blog
tek kişilik yatak fiyatları	3400	-	-	6	Lovayatak	Yatak
leke tutmayan koltuk kumaşları	3500	-	4	-	Doğtaş	Blog
