Keyword	Hacim	Pozisyon	Trafik	KD	CPC (cent)	URL	Kategori	Cluster	Intent
lova yatak	14000	1	5688	0	9	https://www.lovayatak.com/	Brand	Yatak / Baza	I/C/T/N
yatak	38000	3	2741	9	6	https://www.lovayatak.com/yatak/	Non-Brand	Yatak / Baza	I/C
lova	4000	1	1989	11	13	https://www.lovayatak.com/	Brand	Diğer	I/C
baza başlık	11000	3	1950	1	6	https://www.lovayatak.com/baza-baslik/	Non-Brand	Yatak / Baza	I/C
uyku nasıl açılır	4000	1	1935	0	1	https://www.lovayatak.com/en-etkili-uyku-acma-yontemleri	Long-Tail	Blog / Bilgi	I
uyumak için ne yapılır	3800	1	1696	1	1	https://www.lovayatak.com/uyumak-icin-ne-yapilir/	Long-Tail	Blog / Bilgi	I
yatak baza başlık	11000	2	1435	2	5	https://www.lovayatak.com/baza-baslik/	Non-Brand	Yatak / Baza	I/C
ani uyku bastırması sebepleri	3900	1	1428	0	3	https://www.lovayatak.com/ani-uyku-bastirmasi-neden-olur	Long-Tail	Blog / Bilgi	I
çift kişilik baza	11000	4	852	1	5	https://www.lovayatak.com/baza-baslik/cift-kisilik-bazalar/	Quick Win	Yatak / Baza	I/C
uyuma taktikleri	2500	3	745	0	1	https://www.lovayatak.com/uyumak-icin-ne-yapilir/	Non-Brand	Blog / Bilgi	I
battaniye hangi programda yıkanır	2000	1	723	0	1	https://www.lovayatak.com/battaniye-nasil-yikanir/	Long-Tail	Ev Tekstili	I
yatak nasıl temizlenir	900	1	445	0	3	https://www.lovayatak.com/yatak-temizligi-nasil-yapilir/	Long-Tail	Blog / Bilgi	I
çok esnemek neden olur	3500	3	440	0	1	https://www.lovayatak.com/esnemek-neden-olur/	Long-Tail	Blog / Bilgi	I
baza	20000	10	418	0	5	https://www.lovayatak.com/baza-baslik/bazalar/	Quick Win	Yatak / Baza	I/C
lyocell nedir	1500	1	413	0	2	https://www.lovayatak.com/lyocell-kumas-nedir-ozellikleri-nelerdir	Non-Brand	Blog / Bilgi	I
kötü rüya görmek	1300	1	413	0	1	https://www.lovayatak.com/kabus-nedir-neden-kabus-goruruz	Long-Tail	Blog / Bilgi	I
baza başlık modelleri	4100	3	400	2	5	https://www.lovayatak.com/baza-baslik/	Long-Tail	Yatak / Baza	I/C
uykuda titreme	1200	1	398	0	1	https://www.lovayatak.com/uykuda-sicrama/	Non-Brand	Blog / Bilgi	I
baza başlık yatak	5100	3	378	3	6	https://www.lovayatak.com/baza-baslik/	Non-Brand	Yatak / Baza	I/C
bebeklerin uyuma şekilleri ve anlamları	1000	1	367	0	12	https://www.lovayatak.com/bebekler-nasil-uyumali	Long-Tail	Blog / Bilgi	I
liyosel	500	1	362	0	2	https://www.lovayatak.com/lyocell-kumas-nedir-ozellikleri-nelerdir	Non-Brand	Blog / Bilgi	I
hızlı uyuma taktiği	1900	3	359	0	1	https://www.lovayatak.com/uykuya-dalma-yontemleri	Long-Tail	Blog / Bilgi	I
uyurken sikiyor	800	4	343	0	13	https://www.lovayatak.com/uykuda-sicrama/	Non-Brand	Diğer	-
hipoalerjenik ne demek	1700	1	329	0	2	https://www.lovayatak.com/hipoalerjenik-nedir/	Long-Tail	Blog / Bilgi	I
liyosel kumaş nedir	900	1	309	0	1	https://www.lovayatak.com/lyocell-kumas-nedir-ozellikleri-nelerdir	Long-Tail	Blog / Bilgi	I
kabus görmek	1000	1	308	0	0	https://www.lovayatak.com/kabus-nedir-neden-kabus-goruruz	Non-Brand	Blog / Bilgi	I
yatak olan tekli koltuk	2400	5	297	0	4	https://www.lovayatak.com/gri-niva-tekli-yatakli-koltuk-lv-niva-teklikoltuk/	Quick Win	Yatak / Baza	I/C
nasıl hızlı uyunur	1800	3	297	0	1	https://www.lovayatak.com/uyumak-icin-ne-yapilir/	Long-Tail	Blog / Bilgi	I
gözü açık uyumak	800	1	296	0	2	https://www.lovayatak.com/uyurken-bilmedikleriniz-gozunuz-acik-uyuyor-olabilirsiniz/	Long-Tail	Blog / Bilgi	I
çift kişilik baza fiyatları	2500	3	295	0	4	https://www.lovayatak.com/baza-baslik/cift-kisilik-bazalar/	Long-Tail	Yatak / Baza	I/C
yatak pedi	6100	7	274	0	6	https://www.lovayatak.com/yatak-pedi-ne-ise-yarar/	Quick Win	Yatak / Baza	I/C
lyocell kumaş	700	1	254	0	2	https://www.lovayatak.com/lyocell-kumas-nedir-ozellikleri-nelerdir	Non-Brand	Blog / Bilgi	I
1.5 kişilik yatak ölçüleri	2300	4	252	0	5	https://www.lovayatak.com/yatak-olculeri-nasil-alinir-secerken-nelere-dikkat-edilmeli/	Quick Win	Yatak / Baza	I
uykuya dalma yöntemleri	500	1	234	0	1	https://www.lovayatak.com/uykuya-dalma-yontemleri	Long-Tail	Blog / Bilgi	I
uyurgezerlik neden olur	3800	7	233	0	1	https://www.lovayatak.com/uyurgezerlik-neden-olur/	Quick Win	Blog / Bilgi	I
uykuda sıçrama nedenleri dini	600	1	225	1	6	https://www.lovayatak.com/uykuda-sicrama/	Long-Tail	Blog / Bilgi	I
bebekler ne zaman yastık kullanır	600	1	222	0	6	https://www.lovayatak.com/bebeklerde-yastik-kullanimi-nasil-olmalidir	Long-Tail	Blog / Bilgi	I
yastıksız uyumak	500	1	214	0	1	https://www.lovayatak.com/yastiksiz-uyumanin-zararlari/	Non-Brand	Blog / Bilgi	I
çift kişilik yatak ölçüleri	8700	9	211	0	6	https://www.lovayatak.com/yatak-olculeri-nasil-alinir-secerken-nelere-dikkat-edilmeli/	Quick Win	Yatak / Baza	I
yatak baza başlık fiyatları	1800	2	209	3	6	https://www.lovayatak.com/baza-baslik/	Long-Tail	Yatak / Baza	I/C
uykuya dalmak için	900	3	203	0	1	https://www.lovayatak.com/uyumak-icin-ne-yapilir/	Long-Tail	Blog / Bilgi	I
uykuda sıçrama	1400	3	197	0	1	https://www.lovayatak.com/uykuda-sicrama/	Non-Brand	Blog / Bilgi	I
uyku açma yöntemleri	1100	3	197	0	1	https://www.lovayatak.com/en-etkili-uyku-acma-yontemleri	Long-Tail	Blog / Bilgi	I
esnemek neden olur	2200	4	194	0	1	https://www.lovayatak.com/esnemek-neden-olur/	Quick Win	Blog / Bilgi	I
mikrofiber yorgan ne demek	500	1	189	0	5	https://www.lovayatak.com/mikrofiber-yorgan-ne-demek	Long-Tail	Blog / Bilgi	I
bebekler neden yüzüstü yatmak ister	500	1	188	0		https://www.lovayatak.com/bebekler-nasil-uyumali	Long-Tail	Blog / Bilgi	I
aloe vera	29000	13	186	0	2	https://www.lovayatak.com/beyaz-aloe-vera-life-yatak-lv-aloeveralife-yatak/	Quick Win	Blog / Bilgi	I
yetişkinlerde uykuda titreme	500	1	183	0	15	https://www.lovayatak.com/uykuda-sicrama/	Long-Tail	Blog / Bilgi	I
ranforce	250	1	181	0	12	https://www.lovayatak.com/ranforce-ne-demek-ranforce-kumasin-ozellikleri	Brand	Diğer	I/C
yatak odası çeyiz listesi	500	1	179	0	5	https://www.lovayatak.com/yatak-odasi-ceyiz-listesi/	Long-Tail	Düğün / Çeyiz	I/C
uykuya dalarken sıçrama	1100	3	176	0	1	https://www.lovayatak.com/uykuda-sicrama/	Long-Tail	Blog / Bilgi	I
cenin pozisyonu	26000	9	173	0	0	https://www.lovayatak.com/uyku-pozisyonlari-nelerdir/	Quick Win	Blog / Bilgi	I
anksiyete uykuda sıçrama	500	1	172	1	6	https://www.lovayatak.com/uykuda-sicrama/	Long-Tail	Blog / Bilgi	I
esneme neden olur	1600	4	162	0	1	https://www.lovayatak.com/esnemek-neden-olur/	Quick Win	Blog / Bilgi	I
gece çalışanlar için uyku açmak	450	1	162	0	7	https://www.lovayatak.com/en-etkili-uyku-acma-yontemleri	Long-Tail	Blog / Bilgi	I
battaniyeler hangi programda yıkanır	450	1	158	0	1	https://www.lovayatak.com/battaniye-nasil-yikanir/	Long-Tail	Ev Tekstili	I
lyocell	700	1	157	1	2	https://www.lovayatak.com/lyocell-kumas-nedir-ozellikleri-nelerdir	Non-Brand	Blog / Bilgi	I
liyosel nedir	1600	3	155	0	1	https://www.lovayatak.com/lyocell-kumas-nedir-ozellikleri-nelerdir	Non-Brand	Blog / Bilgi	I
bebekler nasıl yatırılmalı	450	1	155	0	1	https://www.lovayatak.com/bebekler-nasil-uyumali	Long-Tail	Blog / Bilgi	I
uyuma yöntemleri	200	1	155	0	1	https://www.lovayatak.com/uyumak-icin-ne-yapilir/	Non-Brand	Blog / Bilgi	I
uyku açan şeyler	2100	6	150	0	1	https://www.lovayatak.com/en-etkili-uyku-acma-yontemleri	Quick Win	Blog / Bilgi	I
bebeklerde yastık kullanımı	1200	4	149	0	4	https://www.lovayatak.com/bebeklerde-yastik-kullanimi-nasil-olmalidir	Quick Win	Blog / Bilgi	I
sürekli esnemek neden olur	1300	3	147	0	1	https://www.lovayatak.com/esnemek-neden-olur/	Long-Tail	Blog / Bilgi	I
çift kişilik yatak	31000	8	147	3	5	https://www.lovayatak.com/yatak/cift-kisilik-yataklar/	Quick Win	Yatak / Baza	I/C
uyurken titreme neden olur	400	1	146	0	1	https://www.lovayatak.com/uykuda-sicrama/	Long-Tail	Blog / Bilgi	I
ranforce ne demek	1100	3	142	0	9	https://www.lovayatak.com/ranforce-ne-demek-ranforce-kumasin-ozellikleri	Brand	Blog / Bilgi	I
battaniye kaç derecede yıkanır	1000	3	139	0	2	https://www.lovayatak.com/battaniye-nasil-yikanir/	Long-Tail	Ev Tekstili	I
hipoalerjenik nedir	400	1	137	0	3	https://www.lovayatak.com/hipoalerjenik-nedir/	Non-Brand	Blog / Bilgi	I
ranforce kumaş	500	1	136	0	6	https://www.lovayatak.com/ranforce-ne-demek-ranforce-kumasin-ozellikleri	Brand	Diğer	I
biyolojik saat nedir	1300	3	134	1	1	https://www.lovayatak.com/biyolojik-saat	Long-Tail	Blog / Bilgi	I
uyumak için ne yapmalıyım	3000	9	134	1	3	https://www.lovayatak.com/uyumak-icin-ne-yapilir/	Quick Win	Blog / Bilgi	I
nevresim hangi programda yıkanır	1100	3	128	0	1	https://www.lovayatak.com/nevresim-nasil-yikanir-nevresim-kac-derecede-yikanir	Long-Tail	Ev Tekstili	I
siesta nedir	3700	3	126	0		https://www.lovayatak.com/siesta-uykusu-nedir-ogle-uykusunun-faydalari/	Non-Brand	Blog / Bilgi	I
lateks yatak	3700	9	124	0	13	https://www.lovayatak.com/lateks-yatak-nedir	Quick Win	Yatak / Baza	I/C
bazalar	400	2	123	1	3	https://www.lovayatak.com/baza-baslik/bazalar/	Non-Brand	Yatak / Baza	I/C
uyumak için ne yapmalıyız	2500	8	121	1	3	https://www.lovayatak.com/uyumak-icin-ne-yapilir/	Quick Win	Blog / Bilgi	I
huzursuz bacak sendromuna ne iyi gelir	1500	4	120	0	1	https://www.lovayatak.com/huzursuz-bacak-sendromuna-ne-iyi-gelir	Quick Win	Blog / Bilgi	I
en hızlı uyuma yöntemi	300	1	119	0	1	https://www.lovayatak.com/uykuya-dalma-yontemleri	Long-Tail	Blog / Bilgi	I
uyurken titreme	250	1	118	0	10	https://www.lovayatak.com/uykuda-sicrama/	Non-Brand	Blog / Bilgi	I
en hızlı uyuma taktiği	700	3	118	0	1	https://www.lovayatak.com/uykuya-dalma-yontemleri	Long-Tail	Blog / Bilgi	I
yeni doğan bebek yatış pozisyonları	300	1	118	0	5	https://www.lovayatak.com/bebekler-nasil-uyumali	Long-Tail	Blog / Bilgi	I
yatak olabilen tekli koltuk	800	5	117	0	4	https://www.lovayatak.com/gri-niva-tekli-yatakli-koltuk-lv-niva-teklikoltuk/	Long-Tail	Yatak / Baza	I/C
yün yastık	2500	9	117	0	7	https://www.lovayatak.com/yastik-yorgan/yun-yastik/	Quick Win	Ev Tekstili	I/C
lateks yatak nedir	1000	3	116	0	10	https://www.lovayatak.com/lateks-yatak-nedir	Long-Tail	Blog / Bilgi	I
uykuya dalma teknikleri	200	1	114	0	2	https://www.lovayatak.com/uykuya-dalma-yontemleri	Long-Tail	Blog / Bilgi	I
irkilme neden olur	300	1	112	0	0	https://www.lovayatak.com/uykuda-sicrama/	Long-Tail	Blog / Bilgi	I
bacak sendromuna ne iyi gelir	300	1	110	0	1	https://www.lovayatak.com/huzursuz-bacak-sendromuna-ne-iyi-gelir	Long-Tail	Diğer	I
hemen uyumak için ne yapmalı	2300	8	109	0	2	https://www.lovayatak.com/uyumak-icin-ne-yapilir/	Quick Win	Blog / Bilgi	I
lyocell kumaş nedir	500	1	109	0	3	https://www.lovayatak.com/lyocell-kumas-nedir-ozellikleri-nelerdir	Long-Tail	Blog / Bilgi	I
gece terlemesi neden olur	6900	13	109	0	1	https://www.lovayatak.com/gece-terlemesi-neden-olur	Quick Win	Blog / Bilgi	I
rüyada kabus görmek	1300	5	108	0	1	https://www.lovayatak.com/kabus-nedir-neden-kabus-goruruz	Quick Win	Blog / Bilgi	I
koltuk şalı	3500	5	106	0	7	https://www.lovayatak.com/ev-tekstili/koltuk-sali/	Quick Win	Ev Tekstili	I/C
nevresim kaç derecede yıkanır	1100	4	105	0	1	https://www.lovayatak.com/nevresim-nasil-yikanir-nevresim-kac-derecede-yikanir	Quick Win	Ev Tekstili	I
siesta ne demek	2500	3	103	0		https://www.lovayatak.com/siesta-uykusu-nedir-ogle-uykusunun-faydalari/	Long-Tail	Blog / Bilgi	I
baza başlık fiyatları	1100	4	103	2	5	https://www.lovayatak.com/baza-baslik/	Brand	Yatak / Baza	I/C
huzursuz bacak sendromuna kesin çözüm	1200	4	98	0		https://www.lovayatak.com/huzursuz-bacak-sendromuna-ne-iyi-gelir	Quick Win	Blog / Bilgi	I
nasıl uyunur	1700	5	98	1	1	https://www.lovayatak.com/uyumak-icin-ne-yapilir/	Quick Win	Blog / Bilgi	I
hipnik sıçrama	1000	4	95	0	0	https://www.lovayatak.com/uykuda-sicrama/	Quick Win	Blog / Bilgi	I
uykuda sıçramak	800	3	93	1	1	https://www.lovayatak.com/uykuda-sicrama/	Non-Brand	Blog / Bilgi	I
uyuklama neden olur	250	1	93	0	1	https://www.lovayatak.com/ani-uyku-bastirmasi-neden-olur	Long-Tail	Blog / Bilgi	I
