Marka	Keyword	Hacim	Pozisyon	Trafik	KD	CPC (cent)	URL	Kategori	Cluster	Intent
Kelebek	kelebek	112000	1	81070	42	4	https://www.kelebek.com/	Brand	Diğer	I/C/N
Kelebek	kelebek mobilya	91000	1	50909	1	4	https://www.kelebek.com/	Brand	Diğer	I/C/N
Kelebek	yatak odası takımı	117000	9	5768	3	8	https://www.kelebek.com/yatak-odasi-takimi	Quick Win	Yatak Odası	I/C
Kelebek	mutfak masa sandalye takımı	16000	2	5118	2	4	https://www.kelebek.com/mutfak-masa-takimi	Non-Brand	Masa / Sandalye	I/C
Kelebek	mutfak masası takımı	21000	3	4934	2	4	https://www.kelebek.com/mutfak-masa-takimi	Non-Brand	Masa / Sandalye	I/C
Kelebek	zigon sehpa	32000	3	4922	0	4	https://www.kelebek.com/zigon-sehpa	Non-Brand	Sehpa / Konsol	I/C
Kelebek	koltuk takımı	160000	12	4581	10	8	https://www.kelebek.com/koltuk-takimlari	Quick Win	Koltuk / Oturma	I/C
Kelebek	mutfak masası	47000	6	3902	1	4	https://www.kelebek.com/mutfak-masa-takimi	Quick Win	Masa / Sandalye	I/C
Kelebek	l koltuk	55000	7	3652	2	6	https://www.kelebek.com/kose-takimi	Quick Win	Koltuk / Oturma	I/C
Kelebek	kelebek koltuk takımı	3500	1	3582	0	3	https://www.kelebek.com/koltuk-takimlari	Brand	Koltuk / Oturma	I/C
Kelebek	tv ünitesi	73000	9	3274	7	5	https://www.kelebek.com/tv-unite-takimi	Quick Win	TV Ünitesi	I/C/T
Kelebek	bohem koltuk takımı	79000	8	3023	0	6	https://www.kelebek.com/lucenta-bohem-koltuk-takimi	Quick Win	Koltuk / Oturma	I/C
Kelebek	orta sehpa	41000	7	2609	0	5	https://www.kelebek.com/orta-sehpa	Quick Win	Sehpa / Konsol	I/C
Kelebek	sandalye	48000	5	2477	1	4	https://www.kelebek.com/sandalye-bench	Quick Win	Masa / Sandalye	I/C
Kelebek	konsol	35000	3	2326	0	4	https://www.kelebek.com/konsol	Non-Brand	Sehpa / Konsol	I/C
Kelebek	şifonyer	37000	6	2014	0	6	https://www.kelebek.com/sifonyer	Quick Win	Yatak Odası	I/C
Kelebek	puf	35000	5	1877	0	2	https://www.kelebek.com/puf	Quick Win	Koltuk / Oturma	I/C
Kelebek	yemek masası takımı	40000	8	1568	2	5	https://www.kelebek.com/yemek-odasi-takimi	Quick Win	Masa / Sandalye	I/C
Kelebek	kelebek genç odası	2100	1	1508	0	6	https://www.kelebek.com/genc-odasi-takimlari	Brand	Genç / Çocuk Odası	I/C
Kelebek	kelebek yatak odası	3000	1	1463	0	2	https://www.kelebek.com/yatak-odasi-takimi	Brand	Yatak Odası	I/C
Kelebek	yataklı kanepe	4100	2	1459	0	6	https://www.kelebek.com/yatakli-koltuk	Non-Brand	Koltuk / Oturma	I/C/T
Kelebek	genç odası	22000	8	1458	1	6	https://www.kelebek.com/martha-genc-odasi-takimi	Quick Win	Genç / Çocuk Odası	I/C
Kelebek	kelebek mobilya koltuk takımı	2000	1	1441	0	2	https://www.kelebek.com/koltuk-takimlari	Brand	Koltuk / Oturma	I/C
Kelebek	mutfak masa takımı	9500	4	1437	2	4	https://www.kelebek.com/mutfak-masa-takimi	Quick Win	Masa / Sandalye	I/C
Kelebek	kelebek köşe takımı	2400	1	1380	0	3	https://www.kelebek.com/kose-takimi	Brand	Koltuk / Oturma	I/C
Kelebek	orta sehpa modelleri	13000	4	1354	0	3	https://www.kelebek.com/orta-sehpa	Quick Win	Sehpa / Konsol	I/C
Kelebek	bar masası	7100	3	1294	0	9	https://www.kelebek.com/marbel-aluminyum-bar-masasi	Non-Brand	Masa / Sandalye	I/C/T
Kelebek	köşe koltuk takımı	23000	9	1252	2	6	https://www.kelebek.com/kose-takimi	Quick Win	Koltuk / Oturma	I/C
Kelebek	konsol modelleri	17000	6	1224	0	3	https://www.kelebek.com/konsol	Quick Win	Sehpa / Konsol	I/C
Kelebek	kelebek mobilya yatak odası	1200	1	1125	0	2	https://www.kelebek.com/yatak-odasi-takimi	Brand	Yatak Odası	I/C
Kelebek	yemek odası takımı	14000	7	1084	3	6	https://www.kelebek.com/yemek-odasi-takimi	Quick Win	Yemek Odası	I/C
Kelebek	kelebek mobilya müşteri hizmetleri	1700	1	1004	0	7	https://www.kelebek.com/iletisim	Brand	Diğer	I
Kelebek	koltuk neyle silinir	2400	1	999	0	5	https://www.kelebek.com/blog-koltuk-nasil-silinir-ve-temizlenir-temizlik-onerileri	Long-Tail	Koltuk / Oturma	I
Kelebek	l koltuk takımı	25000	8	992	3	5	https://www.kelebek.com/kose-takimi	Quick Win	Koltuk / Oturma	I/C
Kelebek	yataklı koltuk	4600	3	971	0	7	https://www.kelebek.com/yatakli-koltuk	Non-Brand	Koltuk / Oturma	I/C
Kelebek	kelebek mutfak masası	1800	1	966	0	3	https://www.kelebek.com/mutfak-masa-takimi	Brand	Masa / Sandalye	I/C
Kelebek	sehpa	23000	8	873	1	4	https://www.kelebek.com/sehpalar	Quick Win	Sehpa / Konsol	I/C
Kelebek	açılır kapanır masa	8400	4	866	0	3	https://www.kelebek.com/acilir-masa	Quick Win	Masa / Sandalye	I/C
Kelebek	kelebek tv ünitesi	1400	1	860	0	4	https://www.kelebek.com/tv-unitesi	Brand	TV Ünitesi	I/C
Kelebek	bebek odası	9400	6	805	0	6	https://www.kelebek.com/bebek-odasi-takimlari	Quick Win	Genç / Çocuk Odası	I/C
Kelebek	köşe koltuk	14000	9	768	2	7	https://www.kelebek.com/kose-takimi	Quick Win	Koltuk / Oturma	I/C/T
Kelebek	bebek odası takımı	8600	5	745	0	7	https://www.kelebek.com/bebek-odasi-takimlari	Quick Win	Genç / Çocuk Odası	I/C
Kelebek	mobilya	29000	12	724	64	7	https://www.kelebek.com/	Non-Brand	Diğer	I/C
Kelebek	yuvarlak masa	12000	6	702	0	7	https://www.kelebek.com/martha-yuvarlak-acilir-masa	Quick Win	Masa / Sandalye	I/C/T
Kelebek	kelebek yemek masası	1100	1	687	0	1	https://www.kelebek.com/masalar	Brand	Masa / Sandalye	I/C
Kelebek	genç odası takımı	17000	10	680	2	6	https://www.kelebek.com/genc-odasi-takimlari	Quick Win	Genç / Çocuk Odası	I/C
Kelebek	ikili koltuk	7100	6	673	0	5	https://www.kelebek.com/ikili-koltuk	Quick Win	Koltuk / Oturma	I/C
Kelebek	şifonyer modelleri	7500	5	617	1	4	https://www.kelebek.com/sifonyer	Quick Win	Yatak Odası	I/C
Kelebek	kelebek oturma grubu	800	1	580	0	6	https://www.kelebek.com/koltuk-takimlari	Brand	Koltuk / Oturma	I/C
Kelebek	bohem	17000	5	570	0	4	https://www.kelebek.com/blog-bohem-tarz-nedir-bohem-ne-demektir	Quick Win	Dekorasyon / Aksesuar	I/C
Kelebek	yatak odası	17000	9	548	5	7	https://www.kelebek.com/lidya-yatak-odasi-takimi	Quick Win	Yatak Odası	I/C
Kelebek	kelebek yatak odası takımı	900	1	533	0	2	https://www.kelebek.com/yatak-odasi-takimi	Brand	Yatak Odası	I/C
Kelebek	yatak olan koltuk	4600	4	521	0	5	https://www.kelebek.com/yatakli-koltuk	Quick Win	Yatak / Baza	I/C
Kelebek	kelebek yemek odası	1200	1	510	0	2	https://www.kelebek.com/yemek-odasi-takimi	Brand	Yemek Odası	I/C
Kelebek	bohem ne demek	18000	6	489	0	1	https://www.kelebek.com/blog-bohem-tarz-nedir-bohem-ne-demektir	Quick Win	Blog / Bilgi	I
Kelebek	kelebek müşteri hizmetleri	900	1	489	0	3	https://www.kelebek.com/iletisim	Brand	Diğer	I
Kelebek	bazalı karyola	1900	2	483	0	8	https://www.kelebek.com/bazali-karyola	Non-Brand	Yatak / Baza	I/C/T
Kelebek	yatak	38000	11	460	9	6	https://www.kelebek.com/noira-yatak-odasi-takimi	Quick Win	Yatak / Baza	I/C
Kelebek	kelebek masa	900	1	454	0	2	https://www.kelebek.com/masalar	Brand	Masa / Sandalye	I/C
Kelebek	kitaplıklı tv ünitesi	2600	2	451	0	7	https://www.kelebek.com/kitapliklar	Long-Tail	TV Ünitesi	I/C
Kelebek	koltuk takımı modelleri	17000	10	440	9	7	https://www.kelebek.com/koltuk-takimlari	Quick Win	Koltuk / Oturma	I/C
Kelebek	yemek odası	5900	7	417	4	7	https://www.kelebek.com/yemek-odasi-takimi	Quick Win	Yemek Odası	I/C
Kelebek	mutfak masa sandalye	3800	5	416	2	4	https://www.kelebek.com/mutfak-masa-takimi	Quick Win	Masa / Sandalye	I/C/T
Kelebek	berjer koltuk	9900	8	394	0	7	https://www.kelebek.com/berjer	Quick Win	Koltuk / Oturma	I/C
Kelebek	sehpa modelleri	21000	11	388	1	2	https://www.kelebek.com/sehpalar	Quick Win	Sehpa / Konsol	I/C
Kelebek	kelebek mobilya koltuk	400	1	385	0	8	https://www.kelebek.com/koltuk-takimlari	Brand	Koltuk / Oturma	I/C
Kelebek	kelebek mobilya tv ünitesi	600	1	385	0	5	https://www.kelebek.com/tv-unitesi	Brand	TV Ünitesi	I/C
Kelebek	açılır mutfak masası	3200	3	383	0	4	https://www.kelebek.com/acilir-masa	Long-Tail	Masa / Sandalye	I/C
Kelebek	kelebek mobilya yemek odası	500	1	371	0	4	https://www.kelebek.com/yemek-odasi/yemek-odasi-takimi/	Brand	Yemek Odası	I/C
Kelebek	sehpa takımı	5900	6	368	0	3	https://www.kelebek.com/zigon-sehpa	Quick Win	Sehpa / Konsol	I/C
Kelebek	bohem yemek masası	12000	9	358	0	7	https://www.kelebek.com/calina-bohem-yemek-odasi-takimi	Quick Win	Masa / Sandalye	I/C
Kelebek	chester koltuk	14000	9	356	0	8	https://www.kelebek.com/vanensi-chester-koltuk-takimi	Quick Win	Koltuk / Oturma	I/C
Kelebek	kelebek yataklı kanepe	600	1	353	0	6	https://www.kelebek.com/yatakli-koltuk	Brand	Koltuk / Oturma	I/C
Kelebek	l koltuk fiyatları	3700	6	352	2	4	https://www.kelebek.com/kose-takimi	Quick Win	Koltuk / Oturma	I/C
Kelebek	mobilya takımı	4900	7	347	9	6	https://www.kelebek.com/koltuk-takimlari	Quick Win	Koltuk / Oturma	I/C
Kelebek	kelebek yemek masası takımı	450	1	334	0		https://www.kelebek.com/yemek-odasi-takimi	Brand	Masa / Sandalye	I/C
Kelebek	oyuncak kelebek	2200	2	332	0	1	https://www.kelebek.com/kelebek-kids/cocuk-oyuncak/	Brand	Diğer	I/C
Kelebek	kelebek kitaplık	350	1	323	0	2	https://www.kelebek.com/yemek-odasi/salon-kitaplik/	Brand	Dekorasyon / Aksesuar	I/C
Kelebek	karyola yatak	3400	4	315	1	6	https://www.kelebek.com/karyola	Quick Win	Yatak / Baza	I/C
Kelebek	salon takımı modelleri	3800	4	312	8	5	https://www.kelebek.com/koltuk-takimlari	Quick Win	Koltuk / Oturma	I/C
Kelebek	kelebek köşe takımları	400	1	312	0	3	https://www.kelebek.com/kose-takimi	Brand	Koltuk / Oturma	I/C
Kelebek	kelebek mobilya müşteri hizmetleri 0850	700	1	311	0	18	https://www.kelebek.com/size-ozel-ucretsiz-randevulu-alisveris-hizmeti	Brand	Diğer	I
Kelebek	televizyon ünitesi	15000	10	310	7	4	https://www.kelebek.com/tv-unite-takimi	Quick Win	TV Ünitesi	I/C
Kelebek	yataklı koltuk takımları	600	1	308	0	7	https://www.kelebek.com/yatakli-koltuk	Long-Tail	Koltuk / Oturma	I/C/T
Kelebek	yan sehpa	6300	9	302	0	8	https://www.kelebek.com/yan-sehpa	Quick Win	Sehpa / Konsol	I/C
Kelebek	masa	31000	6	291	3	3	https://www.kelebek.com/sabit-masa	Quick Win	Masa / Sandalye	I/C
Kelebek	tek kişilik karyola	3800	6	286	0	4	https://www.kelebek.com/karyola	Quick Win	Yatak / Baza	I/C
Kelebek	kelebek sandalye	600	1	284	0	3	https://www.kelebek.com/sandalye-bench	Brand	Masa / Sandalye	I/C
Kelebek	salon takımları	2600	4	281	9	7	https://www.kelebek.com/koltuk-takimlari	Quick Win	Koltuk / Oturma	I/C
Kelebek	kelebek mobilya iletişim	450	1	281	0	4	https://www.kelebek.com/online-satis-danismani/	Brand	Diğer	I
Kelebek	kelebek gardırop	400	1	280	0		https://www.kelebek.com/yatak-odasi/dolap/	Brand	Yatak Odası	I/C
Kelebek	gardrop	32000	10	279	2	8	https://www.kelebek.com/dolap	Quick Win	Yatak Odası	I/C
Kelebek	koltuk yatak	3400	5	278	0	4	https://www.kelebek.com/yatakli-koltuk	Quick Win	Yatak / Baza	I/C
Kelebek	kelebek konsol	450	1	277	0	5	https://www.kelebek.com/yemek-odasi/konsol/	Brand	Sehpa / Konsol	I/C
Kelebek	yatak odası takımı fiyatları	7700	8	272	4	7	https://www.kelebek.com/yatak-odasi-takimi	Quick Win	Yatak Odası	I/C
Kelebek	koltuk ne ile silinir	700	1	271	0	3	https://www.kelebek.com/blog-koltuk-nasil-silinir-ve-temizlenir-temizlik-onerileri	Long-Tail	Koltuk / Oturma	I
Kelebek	açılır yuvarlak masa	1700	2	271	0	7	https://www.kelebek.com/urun/martha-yuvarlak-acilir-masa-buz-gri-3200420905/	Long-Tail	Masa / Sandalye	I/C
Kelebek	kelebek salon takımı	350	1	258	0	3	https://www.kelebek.com/oturma-odasi/koltuk-takimi/	Brand	Koltuk / Oturma	I/C
Kelebek	kelebek masa sandalye modelleri	350	1	255	0	3	https://www.kelebek.com/yemek-odasi/mutfak-masa-takimi/	Brand	Masa / Sandalye	I/C
Kelebek	kelebek mobilya orta sehpa	250	1	255	0	2	https://www.kelebek.com/tv-unitesi/orta-sehpa/	Brand	Sehpa / Konsol	I/C
Dogtas	doğtaş	95000	1	91983	3	4	https://www.dogtas.com/tr	Brand	Diğer	I/C
Dogtas	doğtaş mobilya	18000	1	13360	0	6	https://www.dogtas.com/tr	Brand	Diğer	I/C
Dogtas	yatak odası takımı	117000	6	11232	3	8	https://www.dogtas.com/yatak-odasi	Quick Win	Yatak Odası	I/C
Dogtas	koltuk takımı	160000	8	8862	10	8	https://www.dogtas.com/koltuk-takimlari	Quick Win	Koltuk / Oturma	I/C
Dogtas	doğtaş koltuk takımı	10000	1	8319	0	3	https://www.dogtas.com/koltuk-takimlari	Brand	Koltuk / Oturma	I/C
Dogtas	mobilya	29000	1	8144	64	7	https://www.dogtas.com/tr	Non-Brand	Diğer	I/C
Dogtas	gardrop	32000	2	6866	2	8	https://www.dogtas.com/dolaplar	Non-Brand	Yatak Odası	I/C
Dogtas	çalışma masası	97000	8	5403	4	6	https://www.dogtas.com/genc-ve-cocuk-odasi-calisma-masalari	Quick Win	Masa / Sandalye	I/C
Dogtas	tv ünitesi	73000	8	3696	7	5	https://www.dogtas.com/tv-uniteleri	Quick Win	TV Ünitesi	I/C/T
Dogtas	doğtaş yatak odası	5000	1	2437	0	3	https://www.dogtas.com/yatak-odasi	Brand	Yatak Odası	I/C
Dogtas	çocuk odası	25000	5	1985	1	6	https://www.dogtas.com/genc-ve-cocuk-odasi	Quick Win	Genç / Çocuk Odası	I/C
Dogtas	doğtaş genç odası	2200	1	1978	0	3	https://www.dogtas.com/genc-ve-cocuk-odasi-takimlari	Brand	Genç / Çocuk Odası	I/C
Dogtas	doğtaş köşe takımı	3200	1	1860	0	4	https://www.dogtas.com/kose-takimlari	Brand	Koltuk / Oturma	I/C
Dogtas	dogtas	2200	1	1807	3	3	https://www.dogtas.com/tr	Brand	Diğer	I/C
Dogtas	doğtaş koltuk	3200	2	1681	1	4	https://www.dogtas.com/koltuk-takimlari	Brand	Koltuk / Oturma	I/C
Dogtas	doğtaş orta sehpa	1900	1	1611	0	3	https://www.dogtas.com/sehpalar	Brand	Sehpa / Konsol	I/C
Dogtas	l koltuk	55000	11	1496	2	6	https://www.dogtas.com/kose-takimlari	Quick Win	Koltuk / Oturma	I/C
Dogtas	yemek odası takımı	14000	6	1354	3	6	https://www.dogtas.com/yemek-odasi	Quick Win	Yemek Odası	I/C
Dogtas	yatak odası	17000	5	1335	5	7	https://www.dogtas.com/yatak-odasi	Quick Win	Yatak Odası	I/C
Dogtas	doğtaş mutfak masası	2000	1	1257	0	3	https://www.dogtas.com/mutfak-grubu	Brand	Masa / Sandalye	I/C
Dogtas	doğtaş salon takımı	1700	1	1203	2	3	https://www.dogtas.com/koltuk-takimlari	Brand	Koltuk / Oturma	I/C
Dogtas	karyola	14000	5	1180	0	6	https://www.dogtas.com/karyolalar	Quick Win	Yatak / Baza	I/C
Dogtas	doğtaş sehpa	1300	1	1118	0	5	https://www.dogtas.com/sehpalar	Brand	Sehpa / Konsol	I/C
Dogtas	doğtaş yemek masası	1400	1	1107	0	3	https://www.dogtas.com/yemek-masalari	Brand	Masa / Sandalye	I/C
Dogtas	doğtaş tv ünitesi	2600	1	1095	0	4	https://www.dogtas.com/tv-uniteleri	Brand	TV Ünitesi	I/C
Dogtas	doğtaş zigon sehpa	1200	1	1056	0	4	https://www.dogtas.com/sehpalar	Brand	Sehpa / Konsol	I/C
Dogtas	doğtaş müşteri hizmetleri	2200	1	1018	0	7	https://www.dogtas.com/online-satis-danismani	Brand	Diğer	I
Dogtas	düğün paketi	11000	4	1014	0	8	https://www.dogtas.com/dugun-paketleri	Quick Win	Düğün / Çeyiz	I/C
Dogtas	doğtaş kitaplık	1000	1	995	0	5	https://www.dogtas.com/kitapliklar-2	Brand	Dekorasyon / Aksesuar	I/C
Dogtas	bohem koltuk takımı	79000	13	990	0	6	https://www.dogtas.com/legna-koltuk-takimi	Quick Win	Koltuk / Oturma	I/C
Dogtas	doğtaş yatak odası takımı	1800	1	984	0	3	https://www.dogtas.com/yatak-odasi	Brand	Yatak Odası	I/C
Dogtas	mutfak sandalyesi	19000	8	972	0	3	https://www.dogtas.com/mutfak-grubu-sandalyeleri	Quick Win	Masa / Sandalye	I/C/T
Dogtas	doğtaş yemek odası	1700	1	954	1	4	https://www.dogtas.com/yemek-odasi	Brand	Yemek Odası	I/C
Dogtas	doğtaş mobilya koltuk takımları	1500	1	953	0	3	https://www.dogtas.com/koltuk-takimlari	Brand	Koltuk / Oturma	I/C
Dogtas	doğtaş koltuk takımı modelleri ve fiyatları	1100	1	864	3	3	https://www.dogtas.com/koltuk-takimlari	Brand	Koltuk / Oturma	I/C
Dogtas	doğtaş toscana koltuk takımı	1300	1	814	0		https://www.dogtas.com/bohem-toscana-koltuk-takimi	Brand	Koltuk / Oturma	I/C
Dogtas	doğtaş oturma grubu	1000	1	809	1	3	https://www.dogtas.com/oturma-grubu	Brand	Koltuk / Oturma	I/C
Dogtas	köşe koltuk takımı	23000	11	801	2	6	https://www.dogtas.com/kose-takimlari	Quick Win	Koltuk / Oturma	I/C
Dogtas	furniture store	700	1	781	90	9	https://www.dogtas.com/tr	Non-Brand	Blog / Bilgi	I/C
Dogtas	doğtaş sandalye	1000	1	776	0	4	https://www.dogtas.com/sandalyeler	Brand	Masa / Sandalye	I/C
Dogtas	tv ünitesi - doğtaş	1100	1	763	0	3	https://www.dogtas.com/tv-uniteleri	Brand	TV Ünitesi	I/C
Dogtas	doğtaş konsol	1300	1	742	0	3	https://www.dogtas.com/konsollar	Brand	Sehpa / Konsol	I/C
Dogtas	doğtaş müşteri hizmetleri 0850	1100	1	733	0	5	https://www.dogtas.com/online-satis-danismani	Brand	Diğer	I
Dogtas	bohem yemek masası	12000	6	698	0	7	https://www.dogtas.com/legna-yemek-odasi-takimi	Quick Win	Masa / Sandalye	I/C
Dogtas	çocuk odası takımı	12000	5	678	1	6	https://www.dogtas.com/genc-ve-cocuk-odasi	Quick Win	Genç / Çocuk Odası	I/C
Dogtas	televizyon ünitesi	15000	7	634	7	4	https://www.dogtas.com/tv-uniteleri	Quick Win	TV Ünitesi	I/C
Dogtas	ev temizliği nasıl yapılır	800	1	624	0	3	https://www.dogtas.com/ev-temizligi-nasil-yapilir	Long-Tail	Blog / Bilgi	I
Dogtas	doğtaş l koltuk	1100	1	617	0	4	https://www.dogtas.com/kose-takimlari	Brand	Koltuk / Oturma	I/C
Dogtas	doğtaş yataklı koltuk takımları	600	1	615	0	4	https://www.dogtas.com/yatakli-koltuklar	Brand	Koltuk / Oturma	I/C
Dogtas	doğtaş gardrop	700	1	600	0	6	https://www.dogtas.com/dolaplar	Brand	Yatak Odası	I/C
Dogtas	doğtaş outlet	450	1	595	0	5	https://www.dogtas.com/magazalar-dogtas-outlet	Brand	Diğer	I/C
Dogtas	oyuncu odası	3000	1	591	0	2	https://www.dogtas.com/gamer-oyuncu-odasi	Non-Brand	Genç / Çocuk Odası	I/C
Dogtas	doğtaş koltuk takımları	900	1	586	0	3	https://www.dogtas.com/koltuk-takimlari	Brand	Koltuk / Oturma	I/C
Dogtas	doğtaş düğün paketi	900	1	578	0	3	https://www.dogtas.com/dugun-paketleri	Brand	Düğün / Çeyiz	I/C/T
Dogtas	doğtaş berjer	1000	1	548	0	5	https://www.dogtas.com/berjerler	Brand	Koltuk / Oturma	I/C
Dogtas	l koltuk takımı	25000	10	529	3	5	https://www.dogtas.com/kose-takimlari	Quick Win	Koltuk / Oturma	I/C
Dogtas	yataklı kanepe	4100	6	513	0	6	https://www.dogtas.com/yatakli-koltuklar	Quick Win	Koltuk / Oturma	I/C/T
Dogtas	dogtaş	600	1	511	3	3	https://www.dogtas.com/tr	Brand	Diğer	I/C
Dogtas	doğtaş müşteri hizmetleri 444	800	1	501	1	4	https://www.dogtas.com/contactus	Brand	Diğer	I
Dogtas	doğtaş yemek masası sandalyesi	600	1	499	0	4	https://www.dogtas.com/sandalyeler	Brand	Masa / Sandalye	I/C
Dogtas	bohem tv ünitesi	5200	4	491	0	5	https://www.dogtas.com/legna-tv-unitesi	Quick Win	TV Ünitesi	I/C
Dogtas	yemek masası	40000	14	478	1	6	https://www.dogtas.com/yemek-masalari	Quick Win	Masa / Sandalye	I/C
Dogtas	doğtaş çekyat modelleri	600	1	468	0	4	https://www.dogtas.com/yatakli-koltuklar	Brand	Koltuk / Oturma	I/C
Dogtas	oturma grubu modelleri	4500	4	465	6	5	https://www.dogtas.com/oturma-grubu	Quick Win	Koltuk / Oturma	I/C
Dogtas	doğtaş yatak	600	1	461	0	6	https://www.dogtas.com/yatak-odasi	Brand	Yatak / Baza	I/C
Dogtas	düğün paketi mobilya	6400	6	451	0	8	https://www.dogtas.com/dugun-paketleri	Quick Win	Düğün / Çeyiz	I/C
Dogtas	doğtaş lambader	500	1	445	0	5	https://home.dogtas.com/collections/lambader	Brand	Dekorasyon / Aksesuar	I/C/T
Dogtas	yemek masası sandalyesi	7300	8	434	1	5	https://www.dogtas.com/sandalyeler	Quick Win	Masa / Sandalye	I/C
Dogtas	retro ne demek	15000	6	430	0	1	https://www.dogtas.com/retro-ne-demek	Quick Win	Blog / Bilgi	I
Dogtas	doğtaş çalışma masası	500	1	421	0	5	https://www.dogtas.com/genc-ve-cocuk-odasi-calisma-masalari	Brand	Masa / Sandalye	I/C
Dogtas	pati dostu kumaş	1200	1	421	0	8	https://www.dogtas.com/pati-dostu-kumas-urunleri	Long-Tail	Koltuk / Oturma	I/C
Dogtas	doğtaş costa koltuk takımı	600	1	416	0		https://www.dogtas.com/bohem-costa-koltuk-takimi	Brand	Koltuk / Oturma	I/C
Dogtas	konsol modelleri	17000	11	401	0	3	https://www.dogtas.com/konsollar	Quick Win	Sehpa / Konsol	I/C
Dogtas	dogtas mobilya	1200	1	400	1	4	https://www.dogtas.com/tr	Brand	Diğer	I/C
Dogtas	doğtaş kanepe	400	1	399	0	4	https://www.dogtas.com/yatakli-koltuklar	Brand	Koltuk / Oturma	I/C
Dogtas	salon masa sandalye takımı doğtaş	450	1	396	1	5	https://www.dogtas.com/yemek-masalari	Brand	Masa / Sandalye	I/C
Dogtas	köşe koltuk	14000	12	393	2	7	https://www.dogtas.com/kose-takimlari	Quick Win	Koltuk / Oturma	I/C/T
Dogtas	konsol	35000	11	392	0	4	https://www.dogtas.com/konsollar	Quick Win	Sehpa / Konsol	I/C
Dogtas	sandalye modelleri	15000	10	391	2	3	https://www.dogtas.com/sandalyeler	Quick Win	Masa / Sandalye	I/C
Dogtas	en iyi koltuk kumaşı	700	1	380	0	4	https://www.dogtas.com/en-kullanisli-koltuk-kumasi-hangisi	Long-Tail	Koltuk / Oturma	I
Dogtas	doğtaş exclusive	1000	1	380	0	5	https://www.dogtas.com/tr	Brand	Diğer	I/C
Dogtas	şifonyer nedir	1900	1	378	0	5	https://www.dogtas.com/sifonyer-nedir	Non-Brand	Blog / Bilgi	I
Dogtas	antrasit renk	20000	5	364	0	1	https://www.dogtas.com/antrasit-renk-nedir	Quick Win	Dekorasyon / Aksesuar	I
Dogtas	doğtaş mutfak masa sandalye	600	1	362	0	3	https://www.dogtas.com/mutfak-grubu	Brand	Masa / Sandalye	I/C
Dogtas	doğtaş mutfak masa sandalye takımı	600	1	353	0	3	https://www.dogtas.com/mutfak-grubu	Brand	Masa / Sandalye	I/C
Dogtas	doğtaş dresuar	600	1	350	0	4	https://www.dogtas.com/dresuarlar	Brand	Yatak Odası	I/C
Dogtas	doğtaş köşe takımları	500	1	344	0	4	https://www.dogtas.com/kose-takimlari	Brand	Koltuk / Oturma	I/C
Dogtas	yemek odası	5900	8	331	4	7	https://www.dogtas.com/yemek-odasi	Quick Win	Yemek Odası	I/C
Dogtas	doğuş mobilya	800	1	326	1	4	https://www.dogtas.com/tr	Brand	Diğer	I/C
Dogtas	doğtaş teşhir ürünleri	600	1	321	0	5	https://www.dogtas.com/dogtas-outlet-etimesgut	Brand	Diğer	I/C
Dogtas	berjer koltuk	9900	9	315	0	7	https://www.dogtas.com/berjerler	Quick Win	Koltuk / Oturma	I/C
Dogtas	yataklı koltuk	4600	8	314	0	7	https://www.dogtas.com/yatakli-koltuklar	Quick Win	Koltuk / Oturma	I/C
Dogtas	doğtaş şifonyer	400	1	312	0	5	https://www.dogtas.com/sifonyerler	Brand	Yatak Odası	I/C
Dogtas	bohem köşe koltuk	2500	3	298	0	7	https://www.dogtas.com/bohem-bien-kose-takimi	Long-Tail	Koltuk / Oturma	I/C
Dogtas	gardırop	14000	12	295	2	8	https://www.dogtas.com/dolaplar	Quick Win	Yatak Odası	I/C
Dogtas	salon salomanje	700	1	294	0	1	https://www.dogtas.com/salon-salomanje	Non-Brand	Blog / Bilgi	I
Dogtas	yemek masası takımı	40000	13	292	2	5	https://www.dogtas.com/yemek-odasi	Quick Win	Masa / Sandalye	I/C
Dogtas	leke tutmayan koltuk kumaşları	3800	5	290	0	3	https://www.dogtas.com/leke-tutmayan-koltuk-kumaslari-nelerdir	Quick Win	Koltuk / Oturma	I
Dogtas	doğtaş toscana yatak odası	400	1	283	0	3	https://www.dogtas.com/toscana-yatak-odasi	Brand	Yatak Odası	I/C
Dogtas	doğtaş masa sandalye	700	1	281	0	4	https://www.dogtas.com/yemek-masalari	Brand	Masa / Sandalye	I/C
Lovayatak	lova yatak	14000	1	5688	0	9	https://www.lovayatak.com/	Brand	Yatak / Baza	I/C/T/N
Lovayatak	yatak	38000	3	2741	9	6	https://www.lovayatak.com/yatak/	Non-Brand	Yatak / Baza	I/C
Lovayatak	lova	4000	1	1989	11	13	https://www.lovayatak.com/	Brand	Diğer	I/C
Lovayatak	baza başlık	11000	3	1950	1	6	https://www.lovayatak.com/baza-baslik/	Non-Brand	Yatak / Baza	I/C
Lovayatak	uyku nasıl açılır	4000	1	1935	0	1	https://www.lovayatak.com/en-etkili-uyku-acma-yontemleri	Long-Tail	Blog / Bilgi	I
Lovayatak	uyumak için ne yapılır	3800	1	1696	1	1	https://www.lovayatak.com/uyumak-icin-ne-yapilir/	Long-Tail	Blog / Bilgi	I
Lovayatak	yatak baza başlık	11000	2	1435	2	5	https://www.lovayatak.com/baza-baslik/	Non-Brand	Yatak / Baza	I/C
Lovayatak	ani uyku bastırması sebepleri	3900	1	1428	0	3	https://www.lovayatak.com/ani-uyku-bastirmasi-neden-olur	Long-Tail	Blog / Bilgi	I
Lovayatak	çift kişilik baza	11000	4	852	1	5	https://www.lovayatak.com/baza-baslik/cift-kisilik-bazalar/	Quick Win	Yatak / Baza	I/C
Lovayatak	uyuma taktikleri	2500	3	745	0	1	https://www.lovayatak.com/uyumak-icin-ne-yapilir/	Non-Brand	Blog / Bilgi	I
Lovayatak	battaniye hangi programda yıkanır	2000	1	723	0	1	https://www.lovayatak.com/battaniye-nasil-yikanir/	Long-Tail	Ev Tekstili	I
Lovayatak	yatak nasıl temizlenir	900	1	445	0	3	https://www.lovayatak.com/yatak-temizligi-nasil-yapilir/	Long-Tail	Blog / Bilgi	I
Lovayatak	çok esnemek neden olur	3500	3	440	0	1	https://www.lovayatak.com/esnemek-neden-olur/	Long-Tail	Blog / Bilgi	I
Lovayatak	baza	20000	10	418	0	5	https://www.lovayatak.com/baza-baslik/bazalar/	Quick Win	Yatak / Baza	I/C
Lovayatak	lyocell nedir	1500	1	413	0	2	https://www.lovayatak.com/lyocell-kumas-nedir-ozellikleri-nelerdir	Non-Brand	Blog / Bilgi	I
Lovayatak	kötü rüya görmek	1300	1	413	0	1	https://www.lovayatak.com/kabus-nedir-neden-kabus-goruruz	Long-Tail	Blog / Bilgi	I
Lovayatak	baza başlık modelleri	4100	3	400	2	5	https://www.lovayatak.com/baza-baslik/	Long-Tail	Yatak / Baza	I/C
Lovayatak	uykuda titreme	1200	1	398	0	1	https://www.lovayatak.com/uykuda-sicrama/	Non-Brand	Blog / Bilgi	I
Lovayatak	baza başlık yatak	5100	3	378	3	6	https://www.lovayatak.com/baza-baslik/	Non-Brand	Yatak / Baza	I/C
Lovayatak	bebeklerin uyuma şekilleri ve anlamları	1000	1	367	0	12	https://www.lovayatak.com/bebekler-nasil-uyumali	Long-Tail	Blog / Bilgi	I
Lovayatak	liyosel	500	1	362	0	2	https://www.lovayatak.com/lyocell-kumas-nedir-ozellikleri-nelerdir	Non-Brand	Blog / Bilgi	I
Lovayatak	hızlı uyuma taktiği	1900	3	359	0	1	https://www.lovayatak.com/uykuya-dalma-yontemleri	Long-Tail	Blog / Bilgi	I
Lovayatak	uyurken sikiyor	800	4	343	0	13	https://www.lovayatak.com/uykuda-sicrama/	Non-Brand	Diğer	-
Lovayatak	hipoalerjenik ne demek	1700	1	329	0	2	https://www.lovayatak.com/hipoalerjenik-nedir/	Long-Tail	Blog / Bilgi	I
Lovayatak	liyosel kumaş nedir	900	1	309	0	1	https://www.lovayatak.com/lyocell-kumas-nedir-ozellikleri-nelerdir	Long-Tail	Blog / Bilgi	I
Lovayatak	kabus görmek	1000	1	308	0	0	https://www.lovayatak.com/kabus-nedir-neden-kabus-goruruz	Non-Brand	Blog / Bilgi	I
Lovayatak	yatak olan tekli koltuk	2400	5	297	0	4	https://www.lovayatak.com/gri-niva-tekli-yatakli-koltuk-lv-niva-teklikoltuk/	Quick Win	Yatak / Baza	I/C
Lovayatak	nasıl hızlı uyunur	1800	3	297	0	1	https://www.lovayatak.com/uyumak-icin-ne-yapilir/	Long-Tail	Blog / Bilgi	I
Lovayatak	gözü açık uyumak	800	1	296	0	2	https://www.lovayatak.com/uyurken-bilmedikleriniz-gozunuz-acik-uyuyor-olabilirsiniz/	Long-Tail	Blog / Bilgi	I
Lovayatak	çift kişilik baza fiyatları	2500	3	295	0	4	https://www.lovayatak.com/baza-baslik/cift-kisilik-bazalar/	Long-Tail	Yatak / Baza	I/C
Lovayatak	yatak pedi	6100	7	274	0	6	https://www.lovayatak.com/yatak-pedi-ne-ise-yarar/	Quick Win	Yatak / Baza	I/C
Lovayatak	lyocell kumaş	700	1	254	0	2	https://www.lovayatak.com/lyocell-kumas-nedir-ozellikleri-nelerdir	Non-Brand	Blog / Bilgi	I
Lovayatak	1.5 kişilik yatak ölçüleri	2300	4	252	0	5	https://www.lovayatak.com/yatak-olculeri-nasil-alinir-secerken-nelere-dikkat-edilmeli/	Quick Win	Yatak / Baza	I
Lovayatak	uykuya dalma yöntemleri	500	1	234	0	1	https://www.lovayatak.com/uykuya-dalma-yontemleri	Long-Tail	Blog / Bilgi	I
Lovayatak	uyurgezerlik neden olur	3800	7	233	0	1	https://www.lovayatak.com/uyurgezerlik-neden-olur/	Quick Win	Blog / Bilgi	I
Lovayatak	uykuda sıçrama nedenleri dini	600	1	225	1	6	https://www.lovayatak.com/uykuda-sicrama/	Long-Tail	Blog / Bilgi	I
Lovayatak	bebekler ne zaman yastık kullanır	600	1	222	0	6	https://www.lovayatak.com/bebeklerde-yastik-kullanimi-nasil-olmalidir	Long-Tail	Blog / Bilgi	I
Lovayatak	yastıksız uyumak	500	1	214	0	1	https://www.lovayatak.com/yastiksiz-uyumanin-zararlari/	Non-Brand	Blog / Bilgi	I
Lovayatak	çift kişilik yatak ölçüleri	8700	9	211	0	6	https://www.lovayatak.com/yatak-olculeri-nasil-alinir-secerken-nelere-dikkat-edilmeli/	Quick Win	Yatak / Baza	I
Lovayatak	yatak baza başlık fiyatları	1800	2	209	3	6	https://www.lovayatak.com/baza-baslik/	Long-Tail	Yatak / Baza	I/C
Lovayatak	uykuya dalmak için	900	3	203	0	1	https://www.lovayatak.com/uyumak-icin-ne-yapilir/	Long-Tail	Blog / Bilgi	I
Lovayatak	uykuda sıçrama	1400	3	197	0	1	https://www.lovayatak.com/uykuda-sicrama/	Non-Brand	Blog / Bilgi	I
Lovayatak	uyku açma yöntemleri	1100	3	197	0	1	https://www.lovayatak.com/en-etkili-uyku-acma-yontemleri	Long-Tail	Blog / Bilgi	I
Lovayatak	esnemek neden olur	2200	4	194	0	1	https://www.lovayatak.com/esnemek-neden-olur/	Quick Win	Blog / Bilgi	I
Lovayatak	mikrofiber yorgan ne demek	500	1	189	0	5	https://www.lovayatak.com/mikrofiber-yorgan-ne-demek	Long-Tail	Blog / Bilgi	I
Lovayatak	bebekler neden yüzüstü yatmak ister	500	1	188	0		https://www.lovayatak.com/bebekler-nasil-uyumali	Long-Tail	Blog / Bilgi	I
Lovayatak	aloe vera	29000	13	186	0	2	https://www.lovayatak.com/beyaz-aloe-vera-life-yatak-lv-aloeveralife-yatak/	Quick Win	Blog / Bilgi	I
Lovayatak	yetişkinlerde uykuda titreme	500	1	183	0	15	https://www.lovayatak.com/uykuda-sicrama/	Long-Tail	Blog / Bilgi	I
Lovayatak	ranforce	250	1	181	0	12	https://www.lovayatak.com/ranforce-ne-demek-ranforce-kumasin-ozellikleri	Brand	Diğer	I/C
Lovayatak	yatak odası çeyiz listesi	500	1	179	0	5	https://www.lovayatak.com/yatak-odasi-ceyiz-listesi/	Long-Tail	Düğün / Çeyiz	I/C
Lovayatak	uykuya dalarken sıçrama	1100	3	176	0	1	https://www.lovayatak.com/uykuda-sicrama/	Long-Tail	Blog / Bilgi	I
Lovayatak	cenin pozisyonu	26000	9	173	0	0	https://www.lovayatak.com/uyku-pozisyonlari-nelerdir/	Quick Win	Blog / Bilgi	I
Lovayatak	anksiyete uykuda sıçrama	500	1	172	1	6	https://www.lovayatak.com/uykuda-sicrama/	Long-Tail	Blog / Bilgi	I
Lovayatak	esneme neden olur	1600	4	162	0	1	https://www.lovayatak.com/esnemek-neden-olur/	Quick Win	Blog / Bilgi	I
Lovayatak	gece çalışanlar için uyku açmak	450	1	162	0	7	https://www.lovayatak.com/en-etkili-uyku-acma-yontemleri	Long-Tail	Blog / Bilgi	I
Lovayatak	battaniyeler hangi programda yıkanır	450	1	158	0	1	https://www.lovayatak.com/battaniye-nasil-yikanir/	Long-Tail	Ev Tekstili	I
Lovayatak	lyocell	700	1	157	1	2	https://www.lovayatak.com/lyocell-kumas-nedir-ozellikleri-nelerdir	Non-Brand	Blog / Bilgi	I
Lovayatak	liyosel nedir	1600	3	155	0	1	https://www.lovayatak.com/lyocell-kumas-nedir-ozellikleri-nelerdir	Non-Brand	Blog / Bilgi	I
Lovayatak	bebekler nasıl yatırılmalı	450	1	155	0	1	https://www.lovayatak.com/bebekler-nasil-uyumali	Long-Tail	Blog / Bilgi	I
Lovayatak	uyuma yöntemleri	200	1	155	0	1	https://www.lovayatak.com/uyumak-icin-ne-yapilir/	Non-Brand	Blog / Bilgi	I
Lovayatak	uyku açan şeyler	2100	6	150	0	1	https://www.lovayatak.com/en-etkili-uyku-acma-yontemleri	Quick Win	Blog / Bilgi	I
Lovayatak	bebeklerde yastık kullanımı	1200	4	149	0	4	https://www.lovayatak.com/bebeklerde-yastik-kullanimi-nasil-olmalidir	Quick Win	Blog / Bilgi	I
Lovayatak	sürekli esnemek neden olur	1300	3	147	0	1	https://www.lovayatak.com/esnemek-neden-olur/	Long-Tail	Blog / Bilgi	I
Lovayatak	çift kişilik yatak	31000	8	147	3	5	https://www.lovayatak.com/yatak/cift-kisilik-yataklar/	Quick Win	Yatak / Baza	I/C
Lovayatak	uyurken titreme neden olur	400	1	146	0	1	https://www.lovayatak.com/uykuda-sicrama/	Long-Tail	Blog / Bilgi	I
Lovayatak	ranforce ne demek	1100	3	142	0	9	https://www.lovayatak.com/ranforce-ne-demek-ranforce-kumasin-ozellikleri	Brand	Blog / Bilgi	I
Lovayatak	battaniye kaç derecede yıkanır	1000	3	139	0	2	https://www.lovayatak.com/battaniye-nasil-yikanir/	Long-Tail	Ev Tekstili	I
Lovayatak	hipoalerjenik nedir	400	1	137	0	3	https://www.lovayatak.com/hipoalerjenik-nedir/	Non-Brand	Blog / Bilgi	I
Lovayatak	ranforce kumaş	500	1	136	0	6	https://www.lovayatak.com/ranforce-ne-demek-ranforce-kumasin-ozellikleri	Brand	Diğer	I
Lovayatak	biyolojik saat nedir	1300	3	134	1	1	https://www.lovayatak.com/biyolojik-saat	Long-Tail	Blog / Bilgi	I
Lovayatak	uyumak için ne yapmalıyım	3000	9	134	1	3	https://www.lovayatak.com/uyumak-icin-ne-yapilir/	Quick Win	Blog / Bilgi	I
Lovayatak	nevresim hangi programda yıkanır	1100	3	128	0	1	https://www.lovayatak.com/nevresim-nasil-yikanir-nevresim-kac-derecede-yikanir	Long-Tail	Ev Tekstili	I
Lovayatak	siesta nedir	3700	3	126	0		https://www.lovayatak.com/siesta-uykusu-nedir-ogle-uykusunun-faydalari/	Non-Brand	Blog / Bilgi	I
Lovayatak	lateks yatak	3700	9	124	0	13	https://www.lovayatak.com/lateks-yatak-nedir	Quick Win	Yatak / Baza	I/C
Lovayatak	bazalar	400	2	123	1	3	https://www.lovayatak.com/baza-baslik/bazalar/	Non-Brand	Yatak / Baza	I/C
Lovayatak	uyumak için ne yapmalıyız	2500	8	121	1	3	https://www.lovayatak.com/uyumak-icin-ne-yapilir/	Quick Win	Blog / Bilgi	I
Lovayatak	huzursuz bacak sendromuna ne iyi gelir	1500	4	120	0	1	https://www.lovayatak.com/huzursuz-bacak-sendromuna-ne-iyi-gelir	Quick Win	Blog / Bilgi	I
Lovayatak	en hızlı uyuma yöntemi	300	1	119	0	1	https://www.lovayatak.com/uykuya-dalma-yontemleri	Long-Tail	Blog / Bilgi	I
Lovayatak	uyurken titreme	250	1	118	0	10	https://www.lovayatak.com/uykuda-sicrama/	Non-Brand	Blog / Bilgi	I
Lovayatak	en hızlı uyuma taktiği	700	3	118	0	1	https://www.lovayatak.com/uykuya-dalma-yontemleri	Long-Tail	Blog / Bilgi	I
Lovayatak	yeni doğan bebek yatış pozisyonları	300	1	118	0	5	https://www.lovayatak.com/bebekler-nasil-uyumali	Long-Tail	Blog / Bilgi	I
Lovayatak	yatak olabilen tekli koltuk	800	5	117	0	4	https://www.lovayatak.com/gri-niva-tekli-yatakli-koltuk-lv-niva-teklikoltuk/	Long-Tail	Yatak / Baza	I/C
Lovayatak	yün yastık	2500	9	117	0	7	https://www.lovayatak.com/yastik-yorgan/yun-yastik/	Quick Win	Ev Tekstili	I/C
Lovayatak	lateks yatak nedir	1000	3	116	0	10	https://www.lovayatak.com/lateks-yatak-nedir	Long-Tail	Blog / Bilgi	I
Lovayatak	uykuya dalma teknikleri	200	1	114	0	2	https://www.lovayatak.com/uykuya-dalma-yontemleri	Long-Tail	Blog / Bilgi	I
Lovayatak	irkilme neden olur	300	1	112	0	0	https://www.lovayatak.com/uykuda-sicrama/	Long-Tail	Blog / Bilgi	I
Lovayatak	bacak sendromuna ne iyi gelir	300	1	110	0	1	https://www.lovayatak.com/huzursuz-bacak-sendromuna-ne-iyi-gelir	Long-Tail	Diğer	I
Lovayatak	hemen uyumak için ne yapmalı	2300	8	109	0	2	https://www.lovayatak.com/uyumak-icin-ne-yapilir/	Quick Win	Blog / Bilgi	I
Lovayatak	lyocell kumaş nedir	500	1	109	0	3	https://www.lovayatak.com/lyocell-kumas-nedir-ozellikleri-nelerdir	Long-Tail	Blog / Bilgi	I
Lovayatak	gece terlemesi neden olur	6900	13	109	0	1	https://www.lovayatak.com/gece-terlemesi-neden-olur	Quick Win	Blog / Bilgi	I
Lovayatak	rüyada kabus görmek	1300	5	108	0	1	https://www.lovayatak.com/kabus-nedir-neden-kabus-goruruz	Quick Win	Blog / Bilgi	I
Lovayatak	koltuk şalı	3500	5	106	0	7	https://www.lovayatak.com/ev-tekstili/koltuk-sali/	Quick Win	Ev Tekstili	I/C
Lovayatak	nevresim kaç derecede yıkanır	1100	4	105	0	1	https://www.lovayatak.com/nevresim-nasil-yikanir-nevresim-kac-derecede-yikanir	Quick Win	Ev Tekstili	I
Lovayatak	siesta ne demek	2500	3	103	0		https://www.lovayatak.com/siesta-uykusu-nedir-ogle-uykusunun-faydalari/	Long-Tail	Blog / Bilgi	I
Lovayatak	baza başlık fiyatları	1100	4	103	2	5	https://www.lovayatak.com/baza-baslik/	Brand	Yatak / Baza	I/C
Lovayatak	huzursuz bacak sendromuna kesin çözüm	1200	4	98	0		https://www.lovayatak.com/huzursuz-bacak-sendromuna-ne-iyi-gelir	Quick Win	Blog / Bilgi	I
Lovayatak	nasıl uyunur	1700	5	98	1	1	https://www.lovayatak.com/uyumak-icin-ne-yapilir/	Quick Win	Blog / Bilgi	I
Lovayatak	hipnik sıçrama	1000	4	95	0	0	https://www.lovayatak.com/uykuda-sicrama/	Quick Win	Blog / Bilgi	I
Lovayatak	uykuda sıçramak	800	3	93	1	1	https://www.lovayatak.com/uykuda-sicrama/	Non-Brand	Blog / Bilgi	I
Lovayatak	uyuklama neden olur	250	1	93	0	1	https://www.lovayatak.com/ani-uyku-bastirmasi-neden-olur	Long-Tail	Blog / Bilgi	I
